<Ui xmlns="http://www.blizzard.com/wow/ui/" xmlns:xsi="http://www.w3.org/2001/XMLSchema-instance">
	<Script file="sota-raidqueue.lua" />

	<!-- SotA Big Window (150%) Frame template -->
	<Frame name="SOTABigFrame" parent="UIParent" toplevel="true" hidden="true" virtual="true">
		<Size>
			<!-- <AbsDimension x="384" y="512" /> -->
			<AbsDimension x="660" y="400" />
		</Size>
		<Anchors>
			<Anchor point="TOPLEFT">
				<Offset x="312" y="-124" />
			</Anchor>
		</Anchors>
		<Backdrop bgFile="Interface\DialogFrame\UI-DialogBox-Background" edgeFile="Interface\DialogFrame\UI-DialogBox-Border" tile="true">
			<BackgroundInsets>
				<AbsInset left="11" right="12" top="12" bottom="11" />
			</BackgroundInsets>
			<TileSize>
				<AbsValue val="32" />
			</TileSize>
			<EdgeSize>
				<AbsValue val="32" />
			</EdgeSize>
		</Backdrop>
		<Scripts>
			<OnLoad>
				self:SetMovable(true)
				self:SetUserPlaced(true)
				self:RegisterForDrag("LeftButton")
			</OnLoad>
			<OnDragStart>
				self:StartMoving()
			</OnDragStart>
			<OnDragStop>
				self:StopMovingOrSizing()
			</OnDragStop>
		</Scripts>
	</Frame>

	<!-- template for a Player entry in the RaidQueue -->
	<Button name="SOTA_PlayerTemplate" hidden="true" virtual="true">
		<Size>
			<AbsDimension x="150" y="16"/>
		</Size>
		<Layers>
			<Layer>
				<!-- Player name -->
				<FontString name="$parentName" justifyH="LEFT" inherits="GameFontNormal">
					<Size>
						<AbsDimension x="70" y="16"/>
					</Size>
					<Anchors>
						<Anchor point="LEFT">
							<Offset>
								<AbsDimension x="4" y="0"/>
							</Offset>
						</Anchor>
					</Anchors>
					<Color r="1" g="1" b="1" />
				</FontString>
				<!-- Location / offline time -->
				<FontString name="$parentZone" justifyH="LEFT" inherits="GameFontNormal">
					<Size>
						<AbsDimension x="154" y="16"/>
					</Size>
					<Anchors>
						<Anchor point="LEFT" relativePoint="RIGHT" relativeTo="$parentName"/>
					</Anchors>
				</FontString>
				<!-- Guild rank -->
				<FontString name="$parentRank" justifyH="RIGHT" inherits="GameFontNormal">
					<Size>
						<AbsDimension x="74" y="16"/>
					</Size>
					<Anchors>
						<Anchor point="LEFT" relativePoint="RIGHT" relativeTo="$parentZone"/>
					</Anchors>
				</FontString>
			</Layer>
		</Layers>
		<Scripts>
			<OnClick>
				PlaySound(882, "Master")
				SOTA_OnQueuedPlayerClick(self, button)
			</OnClick>
			<OnEnter>
				_G[self:GetName().."BG"]:SetVertexColor(1, 1, 1, 1)
			</OnEnter>
			<OnLeave>
				_G[self:GetName().."BG"]:SetVertexColor(0.7, 0.7, 0.7, 0.7)
			</OnLeave>
			<OnLoad>
				self:RegisterForClicks("LeftButtonDown","RightButtonDown")
				self:GetScript("OnLeave")(self)
			</OnLoad>
		</Scripts>
		<NormalTexture name="$parentBG" />
	</Button>

	<!--	Raid Queue Frame	-->
	<Frame name="RaidQueueFrame" inherits="SOTABigFrame">
		<Layers>
			<Layer>
				<FontString name="$parentTitle" inherits="GameFontNormal" text="SotA Raid Queue">
					<Anchors>
						<Anchor point="CENTER">
							<Offset>
								<AbsDimension x="-6" y="175"/>
							</Offset>
						</Anchor>
					</Anchors>
				</FontString>
			</Layer>
		</Layers>

		<Frames>
			<!-- Queued Tanks Frame -->
			<Frame name="$parentTankList">
				<Size>
					<!-- <AbsDimension x="163" y="162" /> -->
					<AbsDimension x="315" y="162" />
				</Size>
				<Anchors>
					<Anchor point="TOPLEFT">
						<Offset>
							<AbsDimension x="16" y="-60" />
						</Offset>
					</Anchor>
				</Anchors>
				<Backdrop edgeFile="Interface\Tooltips\UI-Tooltip-Border" tile="true">
					<EdgeSize>
						<AbsValue val="16"/>
					</EdgeSize>
					<TileSize>
						<AbsValue val="16"/>
					</TileSize>
				</Backdrop>
			</Frame>
			<!-- Queued melee frame -->
			<Frame name="$parentMeleeList">
				<Size>
					<!-- <AbsDimension x="163" y="162" /> -->
					<AbsDimension x="315" y="162" />
				</Size>
				<Anchors>
					<Anchor point="LEFT" relativePoint="RIGHT" relativeTo="$parentTankList" />
				</Anchors>
				<Backdrop edgeFile="Interface\Tooltips\UI-Tooltip-Border" tile="true">
					<EdgeSize>
						<AbsValue val="16"/>
					</EdgeSize>
					<TileSize>
						<AbsValue val="16"/>
					</TileSize>
				</Backdrop>
			</Frame>
			<!-- Queued ranged frame -->
			<Frame name="$parentRangedList">
				<Size>
					<!-- <AbsDimension x="163" y="162" /> -->
					<AbsDimension x="315" y="162" />
				</Size>
				<Anchors>
					<Anchor point="TOPLEFT">
						<Offset>
							<AbsDimension x="16" y="-220" />
						</Offset>
					</Anchor>
				</Anchors>
				<Backdrop edgeFile="Interface\Tooltips\UI-Tooltip-Border" tile="true">
					<EdgeSize>
						<AbsValue val="16"/>
					</EdgeSize>
					<TileSize>
						<AbsValue val="16"/>
					</TileSize>
				</Backdrop>
			</Frame>
			<!-- Queued healers frame -->
			<Frame name="$parentHealerList">
				<Size>
					<!-- <AbsDimension x="163" y="162" /> -->
					<AbsDimension x="315" y="162" />
				</Size>
				<Anchors>
					<Anchor point="LEFT" relativePoint="RIGHT" relativeTo="$parentRangedList" />
				</Anchors>
				<Backdrop edgeFile="Interface\Tooltips\UI-Tooltip-Border" tile="true">
					<EdgeSize>
						<AbsValue val="16"/>
					</EdgeSize>
					<TileSize>
						<AbsValue val="16"/>
					</TileSize>
				</Backdrop>
			</Frame>
			<!-- Top right corner close button -->
			<Button name="$parentTopCloseButton" inherits="UIPanelCloseButton">
				<Anchors>
					<Anchor point="TOPLEFT">
						<!-- <Offset x="322" y="-9" />-->
						<Offset x="620" y="-9" />
					</Anchor>
				</Anchors>
				<Scripts>
					<OnClick>
						SOTA_CloseRaidQueueUI();
					</OnClick>
				</Scripts>
			</Button>
		</Frames>
	</Frame>
</Ui>