<Ui xmlns="http://www.blizzard.com/wow/ui/" xmlns:xsi="http://www.w3.org/2001/XMLSchema-instance">
	<Script file="sota-core.lua" />

	<!-- SotA Window Frame template -->
	<Frame name="SOTAFrame" parent="UIParent" inherits="BackdropTemplate" toplevel="true" hidden="true" virtual="true">
		<Size>
			<AbsDimension x="384" y="512" />
		</Size>
		<Anchors>
			<Anchor point="TOPLEFT">
				<Offset x="312" y="-124" />
			</Anchor>
		</Anchors>
		<Layers>
			<Layer level="BACKGROUND">
				<Texture file="Interface\Spellbook\Spellbook-Icon">
					<Size>
						<AbsDimension x="58" y="58" />
					</Size>
					<Anchors>
						<Anchor point="TOPLEFT">
							<Offset>
								<AbsDimension x="10" y="-8" />
							</Offset>
						</Anchor>
					</Anchors>
				</Texture>
			</Layer>
			<Layer level="ARTWORK">
				<Texture name="BarTopLeft" file="Interface\ClassTrainerFrame\UI-ClassTrainer-TopLeft">
					<Size>
						<AbsDimension x="256" y="256" />
					</Size>
					<Anchors>
						<Anchor point="TOPLEFT" />
					</Anchors>
				</Texture>
				<Texture file="Interface\ClassTrainerFrame\UI-ClassTrainer-TopRight">
					<Size>
						<AbsDimension x="128" y="256" />
					</Size>
					<Anchors>
						<Anchor point="TOPRIGHT" />
					</Anchors>
				</Texture>
				<Texture file="Interface\ClassTrainerFrame\UI-ClassTrainer-BotLeft">
					<Size>
						<AbsDimension x="256" y="256" />
					</Size>
					<Anchors>
						<Anchor point="BOTTOMLEFT" />
					</Anchors>
				</Texture>
				<Texture file="Interface\ClassTrainerFrame\UI-ClassTrainer-BotRight">
					<Size>
						<AbsDimension x="128" y="256" />
					</Size>
					<Anchors>
						<Anchor point="BOTTOMRIGHT" />
					</Anchors>
				</Texture>
			</Layer>
		</Layers>
		<Scripts>
			<OnLoad>
				self:SetMovable(true)
				self:SetUserPlaced(true)
				self:RegisterForDrag("LeftButton")
			</OnLoad>
			<OnDragStart>
				self:StartMoving()
			</OnDragStart>
			<OnDragStop>
				self:StopMovingOrSizing()
			</OnDragStop>
		</Scripts>
	</Frame>

</Ui>